<?xml version="1.0" encoding="utf-8" ?><dwsync><file name="01.jpg" server="www.cssglobe.com" local="3382505573" remote="11972444792" /><file name="02.jpg" server="www.cssglobe.com" local="3382505580" remote="11972444792" /><file name="03.jpg" server="www.cssglobe.com" local="3382505584" remote="11972444792" /><file name="04.jpg" server="www.cssglobe.com" local="3382505591" remote="11972444792" /><file name="05.jpg" server="www.cssglobe.com" local="3382505601" remote="11972444792" /><file name="06.jpg" server="www.cssglobe.com" local="3382505611" remote="11972444792" /><file name="07.jpg" server="www.cssglobe.com" local="3382505616" remote="11972444792" /><file name="08.jpg" server="www.cssglobe.com" local="3382505621" remote="11972444792" /><file name="09.jpg" server="www.cssglobe.com" local="3382505626" remote="11972444792" /><file name="10.jpg" server="www.cssglobe.com" local="3382505631" remote="11972444792" /><file name="bg_buttons.png" server="www.cssglobe.com" local="3382509902" remote="11972444792" /></dwsync>